"RK",TIERS,"PLAYER NAME",TEAM,"POS","BYE WEEK","SOS SEASON","ECR VS. ADP","AVG. DIFF ","% OVER "
"1",1,"Ja'Marr Chase",CIN,"WR1","10","3 out of 5 stars","0","+4.1","56% (9/16)"
"2",1,"Bijan Robinson",ATL,"RB1","5","4 out of 5 stars","+1","+0.7","56% (9/16)"
"3",1,"Jahmyr Gibbs",DET,"RB2","8","2 out of 5 stars","+1","+2.9","68% (11/16)"
"4",1,"Saquon Barkley",PHI,"RB3","9","3 out of 5 stars","-2","+3.8","50% (8/16)"
"5",1,"Justin Jefferson",MIN,"WR2","6","2 out of 5 stars","0","+0.7","50% (8/16)"
"6",1,"CeeDee Lamb",DAL,"WR3","10","2 out of 5 stars","0","-0.4","46% (7/15)"
"7",2,"Malik Nabers",NYG,"WR4","14","2 out of 5 stars","+5","+1.8","42% (6/14)"
"8",2,"Puka Nacua",LAR,"WR5","8","3 out of 5 stars","+3","+1.4","54% (6/11)"
"9",2,"Nico Collins",HOU,"WR6","6","4 out of 5 stars","+4","+0.9","63% (7/11)"
"10",2,"Amon-Ra St. Brown",DET,"WR7","8","3 out of 5 stars","-1","+1.0","62% (10/16)"
"11",2,"Christian McCaffrey",SF,"RB4","14","3 out of 5 stars","-4","-8.2","0% (0/4)"
"12",2,"Derrick Henry",BAL,"RB5","7","4 out of 5 stars","-4","+2.8","56% (9/16)"
"13",2,"Brian Thomas Jr.",JAC,"WR8","8","4 out of 5 stars","+2","+3.7","75% (12/16)"
"14",2,"Ashton Jeanty",LV,"RB6","8","2 out of 5 stars","-4","-","-"
"15",2,"De'Von Achane",MIA,"RB7","12","4 out of 5 stars","-1","-0.2","50% (8/16)"
"16",3,"Drake London",ATL,"WR9","5","3 out of 5 stars","+2","-0.3","56% (9/16)"
"17",3,"A.J. Brown",PHI,"WR10","9","3 out of 5 stars","+4","+0.8","53% (7/13)"
"18",3,"Brock Bowers",LV,"TE1","8","2 out of 5 stars","-1","+1.4","56% (9/16)"
"19",3,"Jonathan Taylor",IND,"RB8","11","2 out of 5 stars","0","+1.3","46% (6/13)"
"20",3,"Josh Jacobs",GB,"RB9","5","4 out of 5 stars","-4","+1.9","50% (8/16)"
"21",3,"Bucky Irving",TB,"RB10","9","3 out of 5 stars","-1","+2.8","75% (12/16)"
"22",3,"Chase Brown",CIN,"RB11","10","4 out of 5 stars","+2","+2.3","62% (10/16)"
"23",3,"Trey McBride",ARI,"TE2","8","5 out of 5 stars","+4","+1.3","53% (8/15)"
"24",3,"Ladd McConkey",LAC,"WR11","12","3 out of 5 stars","+2","+2.0","53% (8/15)"
"25",3,"Kyren Williams",LAR,"RB12","8","3 out of 5 stars","0","-0.1","43% (7/16)"
"26",3,"Josh Allen",BUF,"QB1","7","4 out of 5 stars","-4","+2.0","56% (9/16)"
"27",4,"Lamar Jackson",BAL,"QB2","7","3 out of 5 stars","-4","+3.6","75% (12/16)"
"28",4,"Tee Higgins",CIN,"WR12","10","3 out of 5 stars","+3","+4.0","63% (7/11)"
"29",4,"Jaxon Smith-Njigba",SEA,"WR13","8","3 out of 5 stars","+1","+1.6","50% (8/16)"
"30",4,"Tyreek Hill",MIA,"WR14","12","3 out of 5 stars","-2","-2.1","31% (5/16)"
"31",4,"Garrett Wilson",NYJ,"WR15","9","4 out of 5 stars","+3","+0.1","43% (7/16)"
"32",4,"George Kittle",SF,"TE3","14","3 out of 5 stars","+3","+2.9","78% (11/14)"
"33",4,"Davante Adams",LAR,"WR16","8","3 out of 5 stars","+8","+1.3","46% (6/13)"
"34",4,"Jayden Daniels",WAS,"QB3","12","2 out of 5 stars","-5","+2.0","56% (9/16)"
"35",4,"Mike Evans",TB,"WR17","9","3 out of 5 stars","+5","+1.5","46% (6/13)"
"36",4,"Jalen Hurts",PHI,"QB4","9","3 out of 5 stars","0","0.0","53% (8/15)"
"37",4,"Breece Hall",NYJ,"RB13","9","5 out of 5 stars","-5","-2.6","26% (4/15)"
"38",4,"Kenneth Walker III",SEA,"RB14","8","3 out of 5 stars","+6","+0.2","36% (4/11)"
"39",4,"James Cook",BUF,"RB15","7","4 out of 5 stars","-6","+2.1","60% (9/15)"
"40",4,"Omarion Hampton",LAC,"RB16","12","2 out of 5 stars","-3","-","-"
"41",4,"Marvin Harrison Jr.",ARI,"WR18","8","4 out of 5 stars","+2","-1.6","37% (6/16)"
"42",4,"Terry McLaurin",WAS,"WR19","12","3 out of 5 stars","0","+1.8","75% (12/16)"
"43",4,"Alvin Kamara",NO,"RB17","11","4 out of 5 stars","-4","-0.1","35% (5/14)"
"44",5,"DJ Moore",CHI,"WR20","5","2 out of 5 stars","+2","-0.2","31% (5/16)"
"45",5,"Joe Burrow",CIN,"QB5","10","2 out of 5 stars","-7","+3.9","68% (11/16)"
"46",5,"Chuba Hubbard",CAR,"RB18","14","3 out of 5 stars","-1","+2.1","53% (8/15)"
"47",5,"DK Metcalf",PIT,"WR21","5","4 out of 5 stars","+1","-1.7","28% (4/14)"
"48",5,"James Conner",ARI,"RB19","8","3 out of 5 stars","-1","+0.4","62% (10/16)"
"49",5,"Courtland Sutton",DEN,"WR22","12","3 out of 5 stars","0","+1.1","62% (10/16)"
"50",5,"DeVonta Smith",PHI,"WR23","9","3 out of 5 stars","+2","+1.7","53% (7/13)"
"51",5,"Zay Flowers",BAL,"WR24","7","3 out of 5 stars","+7","-1.4","37% (6/16)"
"52",5,"Jameson Williams",DET,"WR25","8","3 out of 5 stars","+10","+2.6","60% (9/15)"
"53",5,"Tetairoa McMillan",CAR,"WR26","14","4 out of 5 stars","+11","-","-"
"54",5,"TreVeyon Henderson",NE,"RB20","14","4 out of 5 stars","+2","-","-"
"55",5,"David Montgomery",DET,"RB21","8","2 out of 5 stars","-1","+1.9","71% (10/14)"
"56",5,"Jaylen Waddle",MIA,"WR27","12","3 out of 5 stars","+17","-1.3","21% (3/14)"
"57",5,"Xavier Worthy",KC,"WR28","10","3 out of 5 stars","+3","+0.7","50% (8/16)"
"58",5,"George Pickens",DAL,"WR29","10","2 out of 5 stars","+10","-1.2","30% (4/13)"
"59",5,"Rashee Rice",KC,"WR30","10","3 out of 5 stars","-9","-0.7","75% (3/4)"
"60",5,"D'Andre Swift",CHI,"RB22","5","3 out of 5 stars","-1","-1.3","31% (5/16)"
"61",5,"Sam LaPorta",DET,"TE4","8","3 out of 5 stars","-10","+0.3","46% (7/15)"
"62",5,"Calvin Ridley",TEN,"WR31","10","4 out of 5 stars","+10","-0.4","37% (6/16)"
"63",6,"Tony Pollard",TEN,"RB23","10","2 out of 5 stars","+6","-1.5","40% (6/15)"
"64",6,"RJ Harvey",DEN,"RB24","12","2 out of 5 stars","-9","-","-"
"65",6,"Patrick Mahomes II",KC,"QB6","10","3 out of 5 stars","-12","+0.1","37% (6/16)"
"66",6,"Isiah Pacheco",KC,"RB25","10","2 out of 5 stars","-5","-3.7","14% (1/7)"
"67",6,"Aaron Jones Sr.",MIN,"RB26","6","3 out of 5 stars","-1","-0.7","43% (7/16)"
"68",6,"Travis Hunter",JAC,"WR32","8","4 out of 5 stars","+3","-","-"
"69",6,"Chris Olave",NO,"WR33","11","4 out of 5 stars","+6","-3.5","30% (3/10)"
"70",6,"T.J. Hockenson",MIN,"TE5","6","3 out of 5 stars","-7","-1.3","33% (3/9)"
"71",6,"Baker Mayfield",TB,"QB7","9","2 out of 5 stars","-4","+5.0","81% (13/16)"
"72",6,"Kaleb Johnson",PIT,"RB27","5","4 out of 5 stars","-2","-","-"
"73",6,"Jerry Jeudy",CLE,"WR34","9","2 out of 5 stars","+4","+2.5","68% (11/16)"
"74",6,"Joe Mixon",HOU,"RB28","6","2 out of 5 stars","-17","+0.4","46% (6/13)"
"75",6,"Brian Robinson Jr.",WAS,"RB29","12","2 out of 5 stars","+3","-0.6","53% (7/13)"
"76",6,"Rome Odunze",CHI,"WR35","5","2 out of 5 stars","+3","-0.9","25% (4/16)"
"77",6,"Bo Nix",DEN,"QB8","12","4 out of 5 stars","-3","+2.0","62% (10/16)"
"78",6,"Mark Andrews",BAL,"TE6","7","3 out of 5 stars","-2","+1.8","62% (10/16)"
"79",6,"Travis Kelce",KC,"TE7","10","3 out of 5 stars","-14","-1.9","37% (6/16)"
"80",6,"Kyler Murray",ARI,"QB9","8","4 out of 5 stars","+6","-1.1","50% (8/16)"
"81",6,"Tyrone Tracy Jr.",NYG,"RB30","14","3 out of 5 stars","0","+0.1","50% (8/16)"
"82",6,"Stefon Diggs",NE,"WR36","14","3 out of 5 stars","+7","+0.2","50% (4/8)"
"83",6,"Jakobi Meyers",LV,"WR37","8","4 out of 5 stars","+9","+1.1","50% (7/14)"
"84",6,"Jaylen Warren",PIT,"RB31","5","4 out of 5 stars","-1","-1.0","35% (5/14)"
"85",7,"Evan Engram",DEN,"TE8","12","3 out of 5 stars","-1","-1.8","22% (2/9)"
"86",7,"Justin Fields",NYJ,"QB10","9","5 out of 5 stars","+15","+0.9","46% (6/13)"
"87",7,"Dak Prescott",DAL,"QB11","10","2 out of 5 stars","+12","-1.6","25% (2/8)"
"88",7,"Jordan Addison",MIN,"WR38","6","2 out of 5 stars","-6","+3.5","50% (7/14)"
"89",7,"Chris Godwin",TB,"WR39","9","3 out of 5 stars","-9","+3.5","57% (4/7)"
"90",7,"David Njoku",CLE,"TE9","9","3 out of 5 stars","-2","+1.9","54% (6/11)"
"91",7,"Brock Purdy",SF,"QB12","14","4 out of 5 stars","+6","+0.6","53% (8/15)"
"92",7,"Jauan Jennings",SF,"WR40","14","4 out of 5 stars","+1","+2.4","42% (6/14)"
"93",7,"Ricky Pearsall",SF,"WR41","14","4 out of 5 stars","+3","+1.0","40% (4/10)"
"94",7,"Travis Etienne Jr.",JAC,"RB32","8","2 out of 5 stars","-3","-3.6","14% (2/14)"
"95",7,"Jordan Mason",MIN,"RB33","6","3 out of 5 stars","-1","-1.6","33% (4/12)"
"96",7,"Deebo Samuel Sr.",WAS,"WR42","12","3 out of 5 stars","-11","-3.9","20% (3/15)"
"97",7,"Jayden Reed",GB,"WR43","5","2 out of 5 stars","+1","-0.3","37% (6/16)"
"98",7,"Justin Herbert",LAC,"QB13","12","3 out of 5 stars","+8","+0.2","50% (8/16)"
"99",7,"Tucker Kraft",GB,"TE10","5","2 out of 5 stars","+5","+1.6","56% (9/16)"
"100",7,"Khalil Shakir",BUF,"WR44","7","3 out of 5 stars","+3","-0.2","53% (8/15)"
"101",7,"Caleb Williams",CHI,"QB14","5","2 out of 5 stars","+6","-0.3","43% (7/16)"
"102",7,"Josh Downs",IND,"WR45","11","4 out of 5 stars","+14","+1.2","46% (6/13)"
"103",7,"Jared Goff",DET,"QB15","8","2 out of 5 stars","-8","+4.0","56% (9/16)"
"104",7,"Drake Maye",NE,"QB16","14","5 out of 5 stars","+16","+1.4","58% (7/12)"
"105",7,"Rhamondre Stevenson",NE,"RB34","14","4 out of 5 stars","+4","-1.1","40% (6/15)"
"106",7,"Zach Charbonnet",SEA,"RB35","8","3 out of 5 stars","-1","+1.0","43% (7/16)"
"107",7,"Javonte Williams",DAL,"RB36","10","2 out of 5 stars","+4","-2.1","25% (4/16)"
"108",7,"Jordan Love",GB,"QB17","5","2 out of 5 stars","+13","+0.1","42% (6/14)"
"109",7,"Emeka Egbuka",TB,"WR46","9","3 out of 5 stars","+1","-","-"
"110",7,"Michael Pittman Jr.",IND,"WR47","11","4 out of 5 stars","+18","-1.5","40% (6/15)"
"111",7,"Cooper Kupp",SEA,"WR48","8","3 out of 5 stars","-21","-1.1","50% (6/12)"
"112",7,"Cam Skattebo",NYG,"RB37","14","3 out of 5 stars","-12","-","-"
"113",7,"Tank Bigsby",JAC,"RB38","8","2 out of 5 stars","+1","+0.6","40% (6/15)"
"114",7,"Tyler Warren",IND,"TE11","11","3 out of 5 stars","-2","-","-"
"115",7,"J.K. Dobbins",DEN,"RB39","12","2 out of 5 stars","-7","+1.0","50% (6/12)"
"116",7,"Tyjae Spears",TEN,"RB40","10","2 out of 5 stars","+8","+0.6","41% (5/12)"
"117",7,"Jake Ferguson",DAL,"TE12","10","2 out of 5 stars","+1","-2.6","30% (4/13)"
"118",7,"Najee Harris",LAC,"RB41","12","2 out of 5 stars","-5","-1.1","37% (6/16)"
"119",7,"Trevor Lawrence",JAC,"QB18","8","3 out of 5 stars","+42","-0.8","40% (4/10)"
"120",8,"Darnell Mooney",ATL,"WR49","5","3 out of 5 stars","+24","+0.6","50% (8/16)"
"121",8,"Dalton Kincaid",BUF,"TE13","7","3 out of 5 stars","-2","-2.4","23% (3/13)"
"122",8,"C.J. Stroud",HOU,"QB19","6","3 out of 5 stars","+4","-3.0","25% (4/16)"
"123",8,"Dallas Goedert",PHI,"TE14","9","3 out of 5 stars","+6","-0.1","44% (4/9)"
"124",8,"Rachaad White",TB,"RB42","9","3 out of 5 stars","+10","+0.7","46% (7/15)"
"125",8,"Brandon Aiyuk",SF,"WR50","14","4 out of 5 stars","-3","-4.9","14% (1/7)"
"126",8,"Keon Coleman",BUF,"WR51","7","3 out of 5 stars","+7","-0.6","46% (6/13)"
"127",8,"Rashid Shaheed",NO,"WR52","11","4 out of 5 stars","+29","+2.2","66% (4/6)"
"128",8,"J.J. McCarthy",MIN,"QB20","6","2 out of 5 stars","+2","-","-"
"129",8,"Matthew Golden",GB,"WR53","5","2 out of 5 stars","-27","-","-"
"130",8,"Colston Loveland",CHI,"TE15","5","4 out of 5 stars","-13","-","-"
"131",8,"Ray Davis",BUF,"RB43","7","4 out of 5 stars","+11","+1.5","43% (7/16)"
"132",8,"Quinshon Judkins",CLE,"RB44","9","4 out of 5 stars","-45","-","-"
"133",8,"Christian Kirk",HOU,"WR54","6","4 out of 5 stars","+30","-2.1","37% (3/8)"
"134",8,"Tyler Allgeier",ATL,"RB45","5","4 out of 5 stars","+30","-0.4","31% (5/16)"
"135",8,"Jerome Ford",CLE,"RB46","9","4 out of 5 stars","+5","-1.0","42% (6/14)"
"136",8,"Austin Ekeler",WAS,"RB47","12","2 out of 5 stars","0","-0.1","54% (6/11)"
"137",8,"Tua Tagovailoa",MIA,"QB21","12","5 out of 5 stars","+12","+1.0","54% (6/11)"
"138",8,"Kyle Pitts Sr.",ATL,"TE16","5","3 out of 5 stars","-6","-1.1","37% (6/16)"
"139",8,"Rashod Bateman",BAL,"WR55","7","3 out of 5 stars","+35","+1.7","50% (8/16)"
"140",8,"Jaydon Blue",DAL,"RB48","10","2 out of 5 stars","-9","-","-"
"141",8,"Trey Benson",ARI,"RB49","8","3 out of 5 stars","+4","-0.7","28% (4/14)"
"142",8,"Cedric Tillman",CLE,"WR56","9","2 out of 5 stars","+59","+1.0","27% (3/11)"
"143",8,"Luther Burden III",CHI,"WR57","5","2 out of 5 stars","0","-","-"
"144",8,"Braelon Allen",NYJ,"RB50","9","5 out of 5 stars","+10","-1.0","18% (3/16)"
"145",8,"Hunter Henry",NE,"TE17","14","3 out of 5 stars","+3","-0.6","43% (7/16)"
"146",8,"Matthew Stafford",LAR,"QB22","8","3 out of 5 stars","+23","-1.5","31% (5/16)"
"147",8,"Jonnu Smith",PIT,"TE18","5","3 out of 5 stars","-32","+3.5","62% (10/16)"
"148",8,"Bryce Young",CAR,"QB23","14","3 out of 5 stars","+17","+1.5","50% (6/12)"
"149",8,"Marvin Mims Jr.",DEN,"WR58","12","3 out of 5 stars","+9","+2.0","50% (8/16)"
"150",8,"Michael Penix Jr.",ATL,"QB24","5","4 out of 5 stars","+9","-0.9","18% (2/11)"
"151",8,"Isaac Guerendo",SF,"RB51","14","3 out of 5 stars","-13","+1.7","33% (5/15)"
"152",9,"Romeo Doubs",GB,"WR59","5","2 out of 5 stars","+68","+0.4","38% (5/13)"
"153",9,"Rico Dowdle",CAR,"RB52","14","3 out of 5 stars","-7","0.0","37% (6/16)"
"154",9,"Zach Ertz",WAS,"TE19","12","3 out of 5 stars","+8","+1.4","56% (9/16)"
"155",9,"Marquise Brown",KC,"WR60","10","3 out of 5 stars","+15","+1.7","50% (1/2)"
"156",9,"Kyle Williams",NE,"WR61","14","3 out of 5 stars","+19","-","-"
"157",9,"Jaylen Wright",MIA,"RB53","12","4 out of 5 stars","+19","-0.9","26% (4/15)"
"158",9,"Tre' Harris",LAC,"WR62","12","3 out of 5 stars","-7","-","-"
"159",9,"Adam Thielen",CAR,"WR63","14","4 out of 5 stars","+22","+3.3","55% (5/9)"
"160",9,"Roschon Johnson",CHI,"RB54","5","3 out of 5 stars","+52","+0.3","42% (6/14)"
"161",9,"Nick Chubb",HOU,"RB55","6","2 out of 5 stars","-26","-2.0","37% (3/8)"
"162",9,"Dylan Sampson",CLE,"RB56","9","4 out of 5 stars","-5","-","-"
"163",9,"Jayden Higgins",HOU,"WR64","6","4 out of 5 stars","-22","-","-"
"164",9,"Geno Smith",LV,"QB25","8","3 out of 5 stars","+13","-0.8","43% (7/16)"
"165",9,"DeMario Douglas",NE,"WR65","14","3 out of 5 stars","+40","-0.6","37% (6/16)"
"166",9,"Wan'Dale Robinson",NYG,"WR66","14","2 out of 5 stars","+43","-0.3","43% (7/16)"
"167",9,"Bhayshul Tuten",JAC,"RB57","8","2 out of 5 stars","-14","-","-"
"168",9,"Xavier Legette",CAR,"WR67","14","4 out of 5 stars","+32","-1.0","40% (6/15)"
"169",9,"Jalen McMillan",TB,"WR68","9","3 out of 5 stars","+3","+1.6","46% (6/13)"
"170",9,"Cameron Ward",TEN,"QB26","10","2 out of 5 stars","-20","-","-"
"171",9,"Quentin Johnston",LAC,"WR69","12","3 out of 5 stars","+48","+0.5","50% (7/14)"
"172",9,"Brenton Strange",JAC,"TE20","8","3 out of 5 stars","+15","-","-"
"173",9,"Sam Darnold",SEA,"QB27","8","4 out of 5 stars","+5","+2.4","75% (12/16)"
"174",9,"Isaiah Likely",BAL,"TE21","7","3 out of 5 stars","+11","+0.7","46% (7/15)"
"175",9,"Joshua Palmer",BUF,"WR70","7","3 out of 5 stars","+36","-1.2","26% (4/15)"
"176",9,"Blake Corum",LAR,"RB58","8","3 out of 5 stars","+14","-1.3","31% (5/16)"
"177",9,"Keenan Allen",LAC,"WR71","12","3 out of 5 stars","-17","+1.4","35% (5/14)"
"178",9,"Chig Okonkwo",TEN,"TE22","10","3 out of 5 stars","+14","+0.7","43% (7/16)"
"179",9,"Denver Broncos",DEN,"DST1","12","4 out of 5 stars","-56","+1.6","50% (8/16)"
"180",9,"MarShawn Lloyd",GB,"RB59","5","4 out of 5 stars","+58","-0.6","33% (1/3)"
"181",9,"DeAndre Hopkins",BAL,"WR72","7","3 out of 5 stars","-14","-1.0","31% (5/16)"
"182",9,"Mike Gesicki",CIN,"TE23","10","2 out of 5 stars","+12","+0.3","37% (6/16)"
"183",9,"Pat Freiermuth",PIT,"TE24","5","3 out of 5 stars","+12","+0.9","50% (8/16)"
"184",9,"Cade Otton",TB,"TE25","9","3 out of 5 stars","0","+0.3","50% (7/14)"
"185",9,"Alec Pierce",IND,"WR73","11","4 out of 5 stars","+48","+3.1","53% (8/15)"
"186",9,"Philadelphia Eagles",PHI,"DST2","9","2 out of 5 stars","-61","-0.1","56% (9/16)"
"187",9,"Mason Taylor",NYJ,"TE26","9","3 out of 5 stars","+26","-","-"
"188",10,"Pittsburgh Steelers",PIT,"DST3","5","3 out of 5 stars","-51","+0.1","50% (8/16)"
"189",10,"Jalen Coker",CAR,"WR74","14","4 out of 5 stars","+103","+1.9","44% (4/9)"
"190",10,"Aaron Rodgers",PIT,"QB28","5","4 out of 5 stars","-10","-0.3","50% (8/16)"
"191",10,"Minnesota Vikings",MIN,"DST4","6","2 out of 5 stars","-36","+0.8","50% (8/16)"
"192",10,"Jack Bech",LV,"WR75","8","4 out of 5 stars","-24","-","-"
"193",10,"Baltimore Ravens",BAL,"DST5","7","3 out of 5 stars","-41","-1.2","25% (4/16)"
"194",10,"Michael Wilson",ARI,"WR76","8","4 out of 5 stars","+73","-0.1","50% (8/16)"
"195",10,"Kyle Monangai",CHI,"RB60","5","3 out of 5 stars","+19","-","-"
"196",10,"Darius Slayton",NYG,"WR77","14","2 out of 5 stars","+67","-0.5","33% (5/15)"
"197",10,"Dalton Schultz",HOU,"TE27","6","3 out of 5 stars","+32","-1.1","31% (5/16)"
"198",10,"Kendre Miller",NO,"RB61","11","4 out of 5 stars","+89","-1.5","28% (2/7)"
"199",10,"Houston Texans",HOU,"DST6","6","2 out of 5 stars","-26","+0.1","37% (6/16)"
"200",10,"Anthony Richardson Sr.",IND,"QB29","11","3 out of 5 stars","-17","-1.4","30% (4/13)"
"201",10,"Miles Sanders",DAL,"RB62","10","2 out of 5 stars","+22","-1.5","20% (2/10)"
"202",10,"Justice Hill",BAL,"RB63","7","4 out of 5 stars","+6","+1.7","53% (8/15)"
"203",10,"Buffalo Bills",BUF,"DST7","7","5 out of 5 stars","-14","-0.3","37% (6/16)"
"204",10,"Kansas City Chiefs",KC,"DST8","10","1 out of 5 stars","-25","-0.8","31% (5/16)"
"205",10,"Detroit Lions",DET,"DST9","8","1 out of 5 stars","-19","-0.4","37% (6/16)"
"206",10,"Brandon Aubrey",DAL,"K1","10","4 out of 5 stars","-79","+3.5","75% (12/16)"
"207",10,"Kareem Hunt",KC,"RB64","10","2 out of 5 stars","-25","+0.7","53% (7/13)"
"208",10,"Jake Bates",DET,"K2","8","1 out of 5 stars","-61","+0.9","62% (10/16)"
"209",10,"Will Shipley",PHI,"RB65","9","3 out of 5 stars","+25","-0.1","11% (1/9)"
"210",10,"Dontayvion Wicks",GB,"WR78","5","2 out of 5 stars","+86","-1.1","25% (4/16)"
"211",10,"Adonai Mitchell",IND,"WR79","11","4 out of 5 stars","+78","-2.5","18% (3/16)"
"212",10,"Los Angeles Rams",LAR,"DST10","8","3 out of 5 stars","+6","+0.1","37% (6/16)"
"213",10,"Cameron Dicker",LAC,"K3","12","5 out of 5 stars","-74","+2.6","68% (11/16)"
"214",10,"Wil Lutz",DEN,"K4","12","5 out of 5 stars","-16","+2.1","50% (8/16)"
"215",10,"Jaylin Noel",HOU,"WR80","6","4 out of 5 stars","+41","-","-"
"216",10,"Chris Boswell",PIT,"K5","5","1 out of 5 stars","-45","+3.5","62% (10/16)"
"217",10,"Los Angeles Chargers",LAC,"DST11","12","5 out of 5 stars","+45","-0.8","43% (7/16)"
"218",10,"DJ Giddens",IND,"RB66","11","2 out of 5 stars","+9","-","-"
"219",10,"Seattle Seahawks",SEA,"DST12","8","3 out of 5 stars","+5","+0.6","37% (6/16)"
"220",10,"Ka'imi Fairbairn",HOU,"K6","6","3 out of 5 stars","-54","+2.4","75% (12/16)"
"221",10,"Green Bay Packers",GB,"DST13","5","2 out of 5 stars","+1","-0.6","37% (6/16)"
"222",10,"Chase McLaughlin",TB,"K7","9","3 out of 5 stars","-31","+1.7","56% (9/16)"
"223",10,"Andrei Iosivas",CIN,"WR81","10","3 out of 5 stars","+70","+0.5","50% (8/16)"
"224",10,"Juwan Johnson",NO,"TE28","11","3 out of 5 stars","+40","-0.1","50% (8/16)"
"225",10,"Ja'Tavion Sanders",CAR,"TE29","14","4 out of 5 stars","+25","-0.2","46% (7/15)"
"226",10,"Calvin Austin III",PIT,"WR82","5","4 out of 5 stars","+45","+1.6","43% (7/16)"
"227",10,"Keaton Mitchell",BAL,"RB67","7","4 out of 5 stars","+26","-0.9","0% (0/3)"
"228",10,"Woody Marks",HOU,"RB68","6","2 out of 5 stars","-13","-","-"
"229",10,"New York Jets",NYJ,"DST14","9","5 out of 5 stars","+11","-3.7","12% (2/16)"
"230",10,"Russell Wilson",NYG,"QB30","14","1 out of 5 stars","+6","+1.4","50% (5/10)"
"231",10,"Harrison Butker",KC,"K8","10","3 out of 5 stars","-43","+0.1","58% (7/12)"
"232",10,"Tyler Lockett",TEN,"WR83","10","4 out of 5 stars","+36","-2.0","31% (5/16)"
"233",10,"Pat Bryant",DEN,"WR84","12","3 out of 5 stars","+11","-","-"
"234",10,"Tyler Bass",BUF,"K9","7","2 out of 5 stars","-30","+0.9","50% (8/16)"
"235",10,"Evan McPherson",CIN,"K10","10","1 out of 5 stars","-32","+0.1","50% (6/12)"
"236",10,"Elijah Arroyo",SEA,"TE30","8","4 out of 5 stars","-15","-","-"
"237",10,"Tahj Brooks",CIN,"RB69","10","4 out of 5 stars","+8","-","-"
"238",10,"Elic Ayomanor",TEN,"WR85","10","4 out of 5 stars","+36","-","-"
"239",10,"Jake Elliott",PHI,"K11","9","2 out of 5 stars","-23","+0.5","56% (9/16)"
"240",10,"San Francisco 49ers",SF,"DST15","14","5 out of 5 stars","-44","-2.0","25% (4/16)"
"241",10,"Jaleel McLaughlin",DEN,"RB70","12","2 out of 5 stars","+31","-0.5","40% (6/15)"
"242",10,"Devin Neal",NO,"RB71","11","4 out of 5 stars","+12","-","-"
"243",10,"Jarquez Hunter",LAR,"RB72","8","3 out of 5 stars","-17","-","-"
"244",11,"Jason Sanders",MIA,"K12","12","2 out of 5 stars","-13","+2.9","75% (12/16)"
"245",11,"Devaughn Vele",DEN,"WR86","12","3 out of 5 stars","+72","+1.2","50% (6/12)"
"246",11,"Cole Kmet",CHI,"TE31","5","4 out of 5 stars","+23","+0.2","37% (6/16)"
"247",11,"Diontae Johnson",CLE,"WR87","9","2 out of 5 stars","+59","-2.5","23% (3/13)"
"248",11,"Younghoe Koo",ATL,"K13","5","4 out of 5 stars","-38","+0.6","53% (8/15)"
"249",11,"Raheem Mostert",LV,"RB73","8","2 out of 5 stars","+12","-1.2","41% (5/12)"
"250",11,"Brashard Smith",KC,"RB74","10","2 out of 5 stars","-18","-","-"
"251",11,"Dallas Cowboys",DAL,"DST16","10","0 out of 5 stars","-26","-2.1","25% (4/16)"
"252",11,"Jalen Royals",KC,"WR88","10","3 out of 5 stars","-5","-","-"
"253",11,"Elijah Mitchell",KC,"RB75","10","2 out of 5 stars","+7","-","-"
"254",11,"Ollie Gordon II",MIA,"RB76","12","4 out of 5 stars","+37","-","-"
"255",11,"Sean Tucker",TB,"RB77","9","3 out of 5 stars","+48","+1.9","40% (6/15)"
"256",11,"Roman Wilson",PIT,"WR89","5","4 out of 5 stars","+48","-","-"
"257",11,"Tampa Bay Buccaneers",TB,"DST17","9","3 out of 5 stars","-55","-1.5","31% (5/16)"
"258",11,"Dyami Brown",JAC,"WR90","8","4 out of 5 stars","-3","-0.3","40% (6/15)"
"259",11,"Trevor Etienne",CAR,"RB78","14","3 out of 5 stars","+23","-","-"
"260",11,"Kenneth Gainwell",PIT,"RB79","5","4 out of 5 stars","+65","-0.2","50% (8/16)"
"261",11,"Jalen Tolbert",DAL,"WR91","10","2 out of 5 stars","+61","+1.4","56% (9/16)"
"262",11,"Nick Westbrook-Ikhine",MIA,"WR92","12","3 out of 5 stars","-","+2.5","50% (7/14)"
"263",11,"Audric Estime",DEN,"RB80","12","2 out of 5 stars","+35","-0.5","41% (5/12)"
"264",11,"Elijah Moore",BUF,"WR93","7","3 out of 5 stars","+70","-1.0","31% (5/16)"
"265",11,"Brandin Cooks",NO,"WR94","11","4 out of 5 stars","+68","-1.0","18% (2/11)"
"266",11,"Joshua Karty",LAR,"K14","8","2 out of 5 stars","0","+0.2","56% (9/16)"
"267",11,"Antonio Gibson",NE,"RB81","14","4 out of 5 stars","+12","-0.9","31% (5/16)"
"268",11,"Ty Johnson",BUF,"RB82","7","4 out of 5 stars","+43","+2.5","62% (10/16)"
"269",11,"Daniel Jones",IND,"QB31","11","3 out of 5 stars","-20","-1.8","40% (4/10)"
"270",11,"Devin Singletary",NYG,"RB83","14","3 out of 5 stars","+49","-1.3","35% (5/14)"
"271",11,"Noah Gray",KC,"TE32","10","3 out of 5 stars","+24","+2.1","68% (11/16)"
"272",11,"Matt Gay",WAS,"K15","12","3 out of 5 stars","-29","+1.2","73% (11/15)"
"273",11,"Malik Washington",MIA,"WR95","12","3 out of 5 stars","-","+0.4","45% (5/11)"
"274",11,"Jacory Croskey-Merritt",WAS,"RB84","12","2 out of 5 stars","-33","-","-"
"275",11,"Jordan James",SF,"RB85","14","3 out of 5 stars","+2","-","-"
"276",11,"Kayshon Boutte",NE,"WR96","14","3 out of 5 stars","+29","+1.2","53% (8/15)"
"277",11,"Cleveland Browns",CLE,"DST18","9","3 out of 5 stars","+1","-2.1","31% (5/16)"
"278",11,"Joe Flacco",CLE,"QB32","9","2 out of 5 stars","-20","-","-"
"279",11,"Theo Johnson",NYG,"TE33","14","2 out of 5 stars","+2","0.0","41% (5/12)"
"280",11,"Tre Tucker",LV,"WR97","8","4 out of 5 stars","+33","0.0","31% (5/16)"
"281",11,"Dameon Pierce",HOU,"RB86","6","2 out of 5 stars","+51","-0.3","20% (2/10)"
"282",11,"Harold Fannin Jr.",CLE,"TE34","9","3 out of 5 stars","+19","-","-"
"283",11,"Isaiah Davis",NYJ,"RB87","9","5 out of 5 stars","+53","+0.8","50% (4/8)"
"284",11,"Tyler Shough",NO,"QB33","11","5 out of 5 stars","-36","-","-"
"285",11,"Khalil Herbert",IND,"RB88","11","2 out of 5 stars","-","-1.7","15% (2/13)"
"286",11,"Jalen Nailor",MIN,"WR98","6","2 out of 5 stars","0","+0.9","43% (7/16)"
"287",11,"Tory Horton",SEA,"WR99","8","3 out of 5 stars","+10","-","-"
"288",11,"Tim Patrick",DET,"WR100","8","3 out of 5 stars","-","+0.7","53% (8/15)"
"289",11,"Chicago Bears",CHI,"DST19","5","2 out of 5 stars","-52","+0.7","43% (7/16)"
"290",11,"Parker Washington",JAC,"WR101","8","4 out of 5 stars","-","+0.7","40% (6/15)"
"291",11,"Sincere McCormick",LV,"RB89","8","2 out of 5 stars","-","-0.7","75% (3/4)"
"292",11,"Darren Waller",MIA,"TE35","12","3 out of 5 stars","-95","-","-"
"293",11,"Kimani Vidal",LAC,"RB90","12","2 out of 5 stars","-","-1.6","11% (1/9)"
"294",11,"Amari Cooper",FA,"WR102","-","-","-14","-2.3","28% (4/14)"
"295",11,"Jaxson Dart",NYG,"QB34","14","1 out of 5 stars","-44","-","-"
"296",11,"Taysom Hill",NO,"TE36","11","3 out of 5 stars","+12","+4.6","50% (4/8)"
"297",11,"Dont'e Thornton Jr.",LV,"WR103","8","4 out of 5 stars","-69","-","-"
"298",11,"Terrance Ferguson",LAR,"TE37","8","4 out of 5 stars","-33","-","-"
"299",11,"Daniel Carlson",LV,"K16","8","3 out of 5 stars","-57","+1.5","56% (9/16)"
"300",11,"Luke McCaffrey",WAS,"WR104","12","3 out of 5 stars","+2","-1.8","25% (4/16)"
"301",12,"Xavier Restrepo",TEN,"WR105","10","4 out of 5 stars","+6","-","-"
"302",12,"Isaac TeSlaa",DET,"WR106","8","3 out of 5 stars","-26","-","-"
"303",12,"Noah Fant",CIN,"TE38","10","2 out of 5 stars","+6","-0.4","38% (5/13)"
"304",12,"Damien Martinez",SEA,"RB91","8","3 out of 5 stars","-","-","-"
"305",12,"Christian Watson",GB,"WR107","5","2 out of 5 stars","+21","-1.8","28% (4/14)"
"306",12,"Chris Brooks",GB,"RB92","5","4 out of 5 stars","-","+0.7","40% (4/10)"
"307",12,"Ty Chandler",MIN,"RB93","6","3 out of 5 stars","-","-1.5","25% (4/16)"
"308",12,"Emanuel Wilson",GB,"RB94","5","4 out of 5 stars","+20","+1.0","43% (7/16)"
"309",12,"Shedeur Sanders",CLE,"QB35","9","2 out of 5 stars","-116","-","-"
"310",12,"Chris Rodriguez Jr.",WAS,"RB95","12","2 out of 5 stars","-","+2.5","42% (3/7)"
"311",12,"Phil Mafah",DAL,"RB96","10","2 out of 5 stars","+20","-","-"
"312",12,"Jermaine Burton",CIN,"WR108","10","3 out of 5 stars","-2","-0.4","16% (2/12)"
"313",12,"Will Reichard",MIN,"K17","6","0 out of 5 stars","-56","+2.6","66% (8/12)"
"314",12,"Tez Johnson",TB,"WR109","9","3 out of 5 stars","-","-","-"
"315",12,"Raheim Sanders",LAC,"RB97","12","2 out of 5 stars","-","-","-"
"316",12,"Oronde Gadsden II",LAC,"TE39","12","3 out of 5 stars","+2","-","-"
"317",12,"Zack Moss",FA,"RB98","-","-","-32","-1.9","37% (3/8)"
"318",12,"Tyler Higbee",LAR,"TE40","8","4 out of 5 stars","-18","-","-"
"319",12,"Gabe Davis",FA,"WR110","-","-","-","-3.3","10% (1/10)"
"320",12,"Jason Myers",SEA,"K18","8","5 out of 5 stars","-","+0.7","56% (9/16)"
"321",12,"Zamir White",LV,"RB99","8","2 out of 5 stars","-","-4.3","12% (1/8)"
"322",12,"New England Patriots",NE,"DST20","14","4 out of 5 stars","-87","-1.3","25% (4/16)"
"323",12,"Ben Sinnott",WAS,"TE41","12","3 out of 5 stars","+6","-0.4","21% (3/14)"
"324",12,"Will Dissly",LAC,"TE42","12","3 out of 5 stars","-","-0.1","42% (6/14)"
"325",12,"Arizona Cardinals",ARI,"DST21","8","4 out of 5 stars","-79","-1.3","37% (6/16)"
"326",12,"Tutu Atwell",LAR,"WR111","8","3 out of 5 stars","-3","-","-"
"327",12,"Miami Dolphins",MIA,"DST22","12","2 out of 5 stars","-88","-1.9","31% (5/16)"
"328",12,"Tyler Loop",BAL,"K19","7","2 out of 5 stars","-121","-","-"
"329",12,"A.J. Dillon",PHI,"RB100","9","3 out of 5 stars","-59","-","-"
"330",12,"Tyler Conklin",LAC,"TE43","12","3 out of 5 stars","-36","-","-"
"331",12,"Ray-Ray McCloud III",ATL,"WR112","5","3 out of 5 stars","-43","-","-"
"332",12,"Samaje Perine",CIN,"RB101","10","4 out of 5 stars","-11","-","-"
"333",12,"Spencer Rattler",NO,"QB36","11","5 out of 5 stars","-49","-","-"
"334",12,"Gus Edwards",FA,"RB102","-","-","-","-1.5","36% (4/11)"
"335",12,"Josh Reynolds",NYJ,"WR113","9","4 out of 5 stars","-","-","-"
"336",12,"Demarcus Robinson",SF,"WR114","14","4 out of 5 stars","-","-0.3","31% (5/16)"
"337",12,"Tai Felton",MIN,"WR115","6","2 out of 5 stars","-","-","-"
"338",12,"Jordan Whittington",LAR,"WR116","8","3 out of 5 stars","-14","-","-"
"339",12,"Cam Akers",NO,"RB103","11","4 out of 5 stars","-","+0.6","43% (7/16)"
"340",12,"Jalen Milroe",SEA,"QB37","8","4 out of 5 stars","-65","-","-"
"341",12,"AJ Barner",SEA,"TE44","8","4 out of 5 stars","-","-","-"
"342",12,"Dawson Knox",BUF,"TE45","7","3 out of 5 stars","-","-","-"
"343",12,"Michael Mayer",LV,"TE46","8","2 out of 5 stars","-","-","-"
"344",12,"John Metchie III",HOU,"WR117","6","4 out of 5 stars","-","+0.5","33% (4/12)"
"345",12,"Noah Brown",WAS,"WR118","12","3 out of 5 stars","-15","-","-"
"346",12,"Marquez Valdes-Scantling",SEA,"WR119","8","3 out of 5 stars","-26","-","-"
"347",12,"KaVontae Turpin",DAL,"WR120","10","2 out of 5 stars","-","-","-"
"348",13,"Justin Tucker",FA,"K20","-","-","-","+0.4","50% (8/16)"
"349",13,"Troy Franklin",DEN,"WR121","12","3 out of 5 stars","-50","-","-"
"350",13,"Savion Williams",GB,"WR122","5","2 out of 5 stars","-","-","-"
"351",13,"New York Giants",NYG,"DST23","14","1 out of 5 stars","-134","-2.4","25% (4/16)"
"352",13,"Luke Musgrave",GB,"TE47","5","2 out of 5 stars","-","-","-"
"353",13,"Donovan Edwards",NYJ,"RB104","9","5 out of 5 stars","-","-","-"
"354",13,"Austin Hooper",NE,"TE48","14","3 out of 5 stars","-","-","-"
"355",13,"Kirk Cousins",ATL,"QB38","5","4 out of 5 stars","-82","-1.8","18% (3/16)"
"356",13,"LeQuint Allen Jr.",JAC,"RB105","8","2 out of 5 stars","-","-","-"
"357",13,"Jameis Winston",NYG,"QB39","14","1 out of 5 stars","-67","+2.9","60% (6/10)"
"358",13,"Curtis Samuel",BUF,"WR123","7","3 out of 5 stars","-","-","-"
"359",13,"Jake Moody",SF,"K21","14","5 out of 5 stars","-100","+0.5","38% (5/13)"
"360",13,"Washington Commanders",WAS,"DST24","12","4 out of 5 stars","-161","-3.1","12% (2/16)"
"361",13,"Isaiah Bond",FA,"WR124","-","-","-","-","-"
"362",13,"Mack Hollins",NE,"WR125","14","3 out of 5 stars","-","-","-"
"363",13,"Emari Demercado",ARI,"RB106","8","3 out of 5 stars","-","-","-"
"364",13,"Dillon Gabriel",CLE,"QB40","9","2 out of 5 stars","-","-","-"
"365",13,"Cam Little",JAC,"K22","8","5 out of 5 stars","-159","+0.1","43% (7/16)"
"366",13,"Brandon McManus",GB,"K23","5","3 out of 5 stars","-136","+0.7","50% (5/10)"
"367",13,"Tank Dell",HOU,"WR126","6","4 out of 5 stars","-","-2.0","28% (4/14)"
"368",13,"Chimere Dike",TEN,"WR127","10","4 out of 5 stars","-","-","-"
"369",13,"Jaylin Lane",WAS,"WR128","12","3 out of 5 stars","-32","-","-"
"370",13,"KeAndre Lambert-Smith",LAC,"WR129","12","3 out of 5 stars","-43","-","-"
"371",13,"Kalel Mullings",TEN,"RB107","10","2 out of 5 stars","-","-","-"
"372",13,"Luke Schoonmaker",DAL,"TE49","10","2 out of 5 stars","-","-","-"
"373",13,"Gunnar Helm",TEN,"TE50","10","3 out of 5 stars","-","-","-"
"374",13,"Greg Dortch",ARI,"WR130","8","4 out of 5 stars","-","-","-"
"375",13,"Eddy Pineiro",FA,"K24","-","-","-","-0.7","31% (5/16)"
"376",13,"Allen Lazard",NYJ,"WR131","9","4 out of 5 stars","-","-","-"
"377",13,"Tommy Tremble",CAR,"TE51","14","4 out of 5 stars","-","-","-"
"378",13,"Kenny Pickett",CLE,"QB41","9","2 out of 5 stars","-","-","-"
"379",13,"Trey Sermon",PIT,"RB108","5","4 out of 5 stars","-","-0.6","37% (6/16)"
"380",13,"Antwane Wells Jr.",NYG,"WR132","14","2 out of 5 stars","-","-","-"
"381",13,"Robert Woods",PIT,"WR133","5","4 out of 5 stars","-","-","-"
"382",13,"Theo Wease Jr.",MIA,"WR134","12","3 out of 5 stars","-","-","-"
"383",13,"Foster Moreau",NO,"TE52","11","3 out of 5 stars","-","-","-"
"384",13,"Matt Prater",FA,"K25","-","-","-","+1.3","75% (3/4)"
"385",13,"Tyrod Taylor",NYJ,"QB42","9","5 out of 5 stars","-","-","-"
"386",13,"Indianapolis Colts",IND,"DST25","11","4 out of 5 stars","-74","-3.6","18% (3/16)"
"387",13,"Van Jefferson",TEN,"WR135","10","4 out of 5 stars","-","-","-"
"388",13,"Craig Reynolds",DET,"RB109","8","2 out of 5 stars","-","-","-"
"389",13,"Jahan Dotson",PHI,"WR136","9","3 out of 5 stars","-","-","-"
"390",13,"Ja'Quinden Jackson",JAC,"RB110","8","2 out of 5 stars","-","-","-"
"391",13,"Jacob Cowing",SF,"WR137","14","4 out of 5 stars","-","-","-"
"392",13,"Olamide Zaccheaus",CHI,"WR138","5","2 out of 5 stars","-","-","-"
"393",13,"Hunter Renfrow",CAR,"WR139","14","4 out of 5 stars","-","-","-"
"394",13,"Atlanta Falcons",ATL,"DST26","5","3 out of 5 stars","-59","-2.5","18% (3/16)"
"395",13,"Kendrick Bourne",NE,"WR140","14","3 out of 5 stars","-","-","-"
"396",13,"Cade Stover",HOU,"TE53","6","3 out of 5 stars","-","-","-"
"397",13,"Jalin Hyatt",NYG,"WR141","14","2 out of 5 stars","-","-","-"
"398",13,"Kyle Juszczyk",SF,"RB111","14","3 out of 5 stars","-","-","-"
"399",13,"Blake Grupe",NO,"K26","11","5 out of 5 stars","-","+0.1","50% (8/16)"
"400",13,"Aidan O'Connell",LV,"QB43","8","3 out of 5 stars","-","-1.7","28% (2/7)"
"401",13,"Zay Jones",ARI,"WR142","8","4 out of 5 stars","-","-","-"
"402",13,"Josh Oliver",MIN,"TE54","6","3 out of 5 stars","-","-","-"
"403",13,"Jeremy Ruckert",NYJ,"TE55","9","3 out of 5 stars","-","-","-"
"404",13,"Cincinnati Bengals",CIN,"DST27","10","2 out of 5 stars","-152","-4.0","25% (4/16)"
"405",13,"Greg Dulcich",NYG,"TE56","14","2 out of 5 stars","-","-","-"
"406",13,"JuJu Smith-Schuster",KC,"WR143","10","3 out of 5 stars","-","-","-"
"407",13,"Joe Milton III",DAL,"QB44","10","2 out of 5 stars","-","-","-"
"408",13,"Clyde Edwards-Helaire",NO,"RB112","11","4 out of 5 stars","-","-","-"
"409",13,"Grant Calcaterra",PHI,"TE57","9","3 out of 5 stars","-","-","-"
"410",13,"Jimmy Garoppolo",LAR,"QB45","8","3 out of 5 stars","-","-","-"
"411",13,"Chad Ryland",ARI,"K27","8","3 out of 5 stars","-","-","-"
"412",14,"KhaDarel Hodge",ATL,"WR144","5","3 out of 5 stars","-","-","-"
"413",14,"Mason Rudolph",PIT,"QB46","5","4 out of 5 stars","-","-","-"
"414",14,"Jonathan Mingo",DAL,"WR145","10","2 out of 5 stars","-","-","-"
"415",14,"New Orleans Saints",NO,"DST28","11","4 out of 5 stars","-99","-1.1","37% (6/16)"
"416",14,"Jonathon Brooks",CAR,"RB113","14","3 out of 5 stars","-","-2.8","33% (1/3)"
"417",14,"Sam Howell",MIN,"QB47","6","2 out of 5 stars","-","-","-"
"418",14,"Elijah Higgins",ARI,"TE58","8","5 out of 5 stars","-","-","-"
"419",14,"Las Vegas Raiders",LV,"DST29","8","4 out of 5 stars","-105","-2.0","31% (5/16)"
"420",14,"Stone Smartt",NYJ,"TE59","9","3 out of 5 stars","-","-","-"
"421",14,"Malik Willis",GB,"QB48","5","2 out of 5 stars","-","-","-"
"422",14,"Julian Hill",MIA,"TE60","12","3 out of 5 stars","-","-","-"
"423",14,"Cairo Santos",CHI,"K28","5","1 out of 5 stars","-","-0.8","31% (5/16)"
"424",14,"Devontez Walker",BAL,"WR146","7","3 out of 5 stars","-","-","-"
"425",14,"Malachi Corley",NYJ,"WR147","9","4 out of 5 stars","-","-","-"
"426",14,"Jake Browning",CIN,"QB49","10","2 out of 5 stars","-","-","-"
"427",14,"Arian Smith",NYJ,"WR148","9","4 out of 5 stars","-","-","-"
"428",14,"Marcus Mariota",WAS,"QB50","12","2 out of 5 stars","-","-","-"
"429",14,"Jeremy McNichols",WAS,"RB114","12","2 out of 5 stars","-","-","-"
"430",14,"Jacksonville Jaguars",JAC,"DST30","8","4 out of 5 stars","-115","-2.4","25% (4/16)"
"431",14,"D'Ernest Johnson",BAL,"RB115","7","4 out of 5 stars","-","-0.2","50% (6/12)"
"432",14,"Dare Ogunbowale",HOU,"RB116","6","2 out of 5 stars","-","-","-"
"433",14,"Alec Ingold",MIA,"RB117","12","4 out of 5 stars","-","-","-"
"434",14,"Ja'Lynn Polk",NE,"WR149","14","3 out of 5 stars","-","-","-"
"435",14,"Pierre Strong Jr.",CLE,"RB118","9","4 out of 5 stars","-","-","-"
"436",14,"Gardner Minshew II",KC,"QB51","10","3 out of 5 stars","-","-","-"
"437",14,"Zach Wilson",MIA,"QB52","12","5 out of 5 stars","-","-","-"
"438",14,"Tyler Goodson",IND,"RB119","11","2 out of 5 stars","-","-","-"
"439",14,"Michael Gallup",WAS,"WR150","12","3 out of 5 stars","-","-","-"
"440",14,"Mac Jones",SF,"QB53","14","4 out of 5 stars","-","-","-"
"441",14,"Darnell Washington",PIT,"TE61","5","3 out of 5 stars","-","-","-"
"442",14,"Mitchell Evans",CAR,"TE62","14","4 out of 5 stars","-","-","-"
"443",14,"Graham Gano",NYG,"K29","14","0 out of 5 stars","-","-1.3","33% (3/9)"
"444",14,"Deshaun Watson",CLE,"QB54","9","2 out of 5 stars","-","-","-"
"445",14,"Tennessee Titans",TEN,"DST31","10","5 out of 5 stars","-162","-3.4","25% (4/16)"
"446",14,"Kalif Raymond",DET,"WR151","8","3 out of 5 stars","-","-","-"
"447",14,"Marcus Yarns",NO,"RB120","11","4 out of 5 stars","-","-","-"
"448",14,"Carolina Panthers",CAR,"DST32","14","3 out of 5 stars","-","-4.1","6% (1/16)"
"449",14,"Nick Folk",NYJ,"K30","9","2 out of 5 stars","-","+0.6","35% (5/14)"
"450",14,"Tyler Badie",DEN,"RB121","12","2 out of 5 stars","-","-","-"
"451",14,"Cooper Rush",BAL,"QB55","7","3 out of 5 stars","-","-","-"
"452",14,"Adam Trautman",DEN,"TE63","12","3 out of 5 stars","-","-","-"
"453",14,"Jamari Thrash",CLE,"WR152","9","2 out of 5 stars","-","-","-"
"454",14,"Chris Tyree",NO,"RB122","11","4 out of 5 stars","-","-","-"
"455",14,"K.J. Osborn",WAS,"WR153","12","3 out of 5 stars","-","-","-"
"456",14,"Luke Lachey",HOU,"TE64","6","3 out of 5 stars","-","-","-"
"457",14,"Julius Chestnut",TEN,"RB123","10","2 out of 5 stars","-","-","-"
"458",14,"Josh Whyle",TEN,"TE65","10","3 out of 5 stars","-","-","-"
"459",14,"Andy Dalton",CAR,"QB56","14","3 out of 5 stars","-","-","-"
"460",14,"John Bates",WAS,"TE66","12","3 out of 5 stars","-","-","-"
"461",14,"Jake Bobo",SEA,"WR154","8","3 out of 5 stars","-","-","-"
"462",14,"Jacoby Brissett",ARI,"QB57","8","4 out of 5 stars","-","-","-"
"463",14,"Taylor Heinicke",LAC,"QB58","12","3 out of 5 stars","-","-","-"
"464",14,"Kyle Trask",TB,"QB59","9","2 out of 5 stars","-","-","-"
"465",14,"Joey Slye",TEN,"K31","10","3 out of 5 stars","-","-","-"
"466",14,"Javon Baker",NE,"WR155","14","3 out of 5 stars","-","-","-"
"467",14,"Will Howard",PIT,"QB60","5","4 out of 5 stars","-","-","-"
"468",14,"Jarrett Stidham",DEN,"QB61","12","4 out of 5 stars","-","-","-"
"469",14,"David Bell",CLE,"WR156","9","2 out of 5 stars","-","-","-"
"470",14,"Mitchell Trubisky",BUF,"QB62","7","4 out of 5 stars","-","-","-"
"471",14,"Spencer Shrader",IND,"K32","11","5 out of 5 stars","-","-","-"
"472",14,"Jordan Watkins",SF,"WR157","14","4 out of 5 stars","-","-","-"
"473",14,"Michael Carter",ARI,"RB124","8","3 out of 5 stars","-","-","-"
"474",14,"Cordarrelle Patterson",FA,"RB125","-","-","-","-","-"
"475",14,"Sione Vaki",DET,"RB126","8","2 out of 5 stars","-","-","-"
"476",14,"Jelani Woods",IND,"TE67","11","3 out of 5 stars","-","-","-"
"477",14,"Tanner Hudson",CIN,"TE68","10","2 out of 5 stars","-","-","-"
"478",14,"Johnny Mundt",JAC,"TE69","8","3 out of 5 stars","-","-","-"
"479",14,"Jake Haener",NO,"QB63","11","5 out of 5 stars","-","-","-"
"480",14,"Treylon Burks",TEN,"WR158","10","4 out of 5 stars","-","-","-"
"481",14,"Tyler Johnson",NYJ,"WR159","9","4 out of 5 stars","-","-","-"
"482",14,"Cedrick Wilson Jr.",NO,"WR160","11","4 out of 5 stars","-","-","-"
"483",14,"Tanner McKee",PHI,"QB64","9","3 out of 5 stars","-","-","-"
"484",14,"Kaden Prather",BUF,"WR161","7","3 out of 5 stars","-","-","-"
"485",14,"Hassan Haskins",LAC,"RB127","12","2 out of 5 stars","-","-","-"
"486",15,"Bub Means",NO,"WR162","11","4 out of 5 stars","-","-","-"
"487",15,"Efton Chism III",NE,"WR163","14","3 out of 5 stars","-","-","-"
"488",15,"Nick Mullens",JAC,"QB65","8","3 out of 5 stars","-","-","-"
"489",15,"Julian Fleming",FA,"WR164","-","-","-","-","-"
"490",15,"Colby Parkinson",LAR,"TE70","8","4 out of 5 stars","-","-","-"
"491",15,"Brock Wright",DET,"TE71","8","3 out of 5 stars","-","-","-"
"492",15,"Jimmy Horn Jr.",CAR,"WR165","14","4 out of 5 stars","-","-","-"
"493",15,"DeeJay Dallas",ARI,"RB128","8","3 out of 5 stars","-","-","-"
"494",15,"Joshua Dobbs",NE,"QB66","14","5 out of 5 stars","-","-","-"
"495",15,"DJ Chark Jr.",ATL,"WR166","5","3 out of 5 stars","-","-","-"
"496",15,"Kylen Granson",PHI,"TE72","9","3 out of 5 stars","-","-","-"
"497",15,"Deuce Vaughn",DAL,"RB129","10","2 out of 5 stars","-","-","-"
"498",15,"Derius Davis",LAC,"WR167","12","3 out of 5 stars","-","-","-"
"499",15,"Drew Sample",CIN,"TE73","10","2 out of 5 stars","-","-","-"
"500",15,"Quinn Ewers",MIA,"QB67","12","5 out of 5 stars","-","-","-"
"501",15,"Charlie Woerner",ATL,"TE74","5","3 out of 5 stars","-","-","-"
"502",15,"Hunter Long",JAC,"TE75","8","3 out of 5 stars","-","-","-"
"503",15,"Payne Durham",TB,"TE76","9","3 out of 5 stars","-","-","-"
"504",15,"Daniel Bellinger",NYG,"TE77","14","2 out of 5 stars","-","-","-"
"505",15,"Darrynton Evans",BUF,"RB130","7","4 out of 5 stars","-","-","-"
"506",15,"Ricky White III",SEA,"WR168","8","3 out of 5 stars","-","-","-"
"507",15,"Brevyn Spann-Ford",DAL,"TE78","10","2 out of 5 stars","-","-","-"
"508",15,"Carson Steele",KC,"RB131","10","2 out of 5 stars","-","-","-"
"509",15,"Ian Thomas",LV,"TE79","8","2 out of 5 stars","-","-","-"
"510",15,"Durham Smythe",CHI,"TE80","5","4 out of 5 stars","-","-","-"
"511",15,"Harrison Bryant",PHI,"TE81","9","3 out of 5 stars","-","-","-"
"512",15,"Patrick Taylor Jr.",SF,"RB132","14","3 out of 5 stars","-","-","-"
"513",15,"Jared Wiley",KC,"TE82","10","3 out of 5 stars","-","-","-"
"514",15,"Michael Burton",DEN,"RB133","12","2 out of 5 stars","-","-","-"
"515",15,"Johnny Wilson",PHI,"WR169","9","3 out of 5 stars","-","-","-"
"516",15,"Mecole Hardman Jr.",GB,"WR170","5","2 out of 5 stars","-","-","-"
"517",15,"Eric Saubert",SEA,"TE83","8","4 out of 5 stars","-","-","-"
"518",15,"Luke Farrell",SF,"TE84","14","3 out of 5 stars","-","-","-"
"519",15,"Travis Homer",CHI,"RB134","5","3 out of 5 stars","-","-","-"
"520",15,"C.J. Ham",MIN,"RB135","6","3 out of 5 stars","-","-","-"
"521",15,"Hunter Luepke",DAL,"RB136","10","2 out of 5 stars","-","-","-"
"522",15,"David Moore",CAR,"WR171","14","4 out of 5 stars","-","-","-"
"523",15,"Nick Nash",ATL,"WR172","5","3 out of 5 stars","-","-","-"
"524",15,"Hendon Hooker",DET,"QB68","8","2 out of 5 stars","-","-","-"
"525",15,"Michael Woods II",FA,"WR173","-","-","-","-","-"
"526",15,"Teagan Quitoriano",ATL,"TE85","5","3 out of 5 stars","-","-","-"
"527",15,"Rasheen Ali",BAL,"RB137","7","4 out of 5 stars","-","-","-"
"528",15,"Thomas Fidone II",NYG,"TE86","14","2 out of 5 stars","-","-","-"
"529",15,"Pharaoh Brown",MIA,"TE87","12","3 out of 5 stars","-","-","-"
"530",15,"Ainias Smith",PHI,"WR174","9","3 out of 5 stars","-","-","-"
"531",15,"Patrick Ricard",BAL,"RB138","7","4 out of 5 stars","-","-","-"
"532",16,"Simi Fehoko",ARI,"WR175","8","4 out of 5 stars","-","-","-"
"533",16,"Trent Sherfield Sr.",DEN,"WR176","12","3 out of 5 stars","-","-","-"
"534",16,"Tylan Wallace",BAL,"WR177","7","3 out of 5 stars","-","-","-"
"535",16,"Tim Jones",MIN,"WR178","6","2 out of 5 stars","-","-","-"
"536",16,"Eric Gray",NYG,"RB139","14","3 out of 5 stars","-","-","-"
"537",16,"Tyson Bagent",CHI,"QB69","5","2 out of 5 stars","-","-","-"
"538",16,"Bo Melton",GB,"WR179","5","2 out of 5 stars","-","-","-"
"539",16,"Carlos Washington Jr.",ATL,"RB140","5","4 out of 5 stars","-","-","-"
"540",16,"DeAndre Carter",CLE,"WR180","9","2 out of 5 stars","-","-","-"
"541",16,"Troy Hairston II",FA,"RB141","-","-","-","-","-"
"542",16,"Jawhar Jordan",HOU,"RB142","6","2 out of 5 stars","-","-","-"
"543",16,"Ronnie Rivers",LAR,"RB143","8","3 out of 5 stars","-","-","-"
"544",16,"Velus Jones Jr.",NO,"WR181","11","4 out of 5 stars","-","-","-"
"545",16,"Israel Abanikanda",GB,"RB144","5","4 out of 5 stars","-","-","-"
"546",16,"Dylan Laube",LV,"RB145","8","2 out of 5 stars","-","-","-"
"547",16,"Frank Gore Jr.",BUF,"RB146","7","4 out of 5 stars","-","-","-"
"548",16,"Jakob Johnson",HOU,"RB147","6","2 out of 5 stars","-","-","-"